con_legis_num,intern,label,notes
115_s.2872,Asher S.,No,
119_s.732,Asher S.,Yes,
119_h.r.116,Asher S.,No,
119_h.r.3575,Asher S.,No,
119_s.1867,Asher S.,Yes,
119_h.r.1531,Asher S.,Yes,
110_h.r.744,Asher S.,No,
119_h.r.3028,Asher S.,Yes,
119_s.2475,Asher S.,No,
119_h.r.1548,Asher S.,No,
119_s.2960,Asher S.,Yes,
119_s.103,Asher S.,Yes,
119_h.r.2503,Asher S.,No,
119_s.3018,Asher S.,Yes,
119_s.3181,Asher S.,Yes,
112_h.r.5223,Asher S.,No,
119_h.res.689,Asher S.,Yes,
119_s.res.355,Asher S.,No,
119_h.r.2246,Asher S.,Yes,
119_h.r.3264,Asher S.,Yes,
115_s.1780,Asher S.,Yes,
119_s.680,Asher S.,Yes,
119_h.r.1069,Asher S.,Yes,
119_h.res.861,Asher S.,Yes,
119_h.res.1018,Asher S.,No,
103_h.r.1307,Asher S.,No,
119_h.r.6581,Asher S.,No,
108_s.2774,Asher S.,No,
119_h.r.6528,Asher S.,Yes,
109_h.res.545,Asher S.,No,
119_s.2560,Asher S.,Yes,
119_s.1900,Asher S.,Yes,
119_s.1364,Asher S.,No,
119_h.r.4427,Asher S.,No,
101_s.1278,Asher S.,Yes,
119_s.2222,Asher S.,Yes,
119_h.r.390,Asher S.,Yes,
119_s.3036,Asher S.,Yes,
119_h.r.4360,Asher S.,Yes,
119_h.r.328,Asher S.,No,
119_h.r.1512,Asher S.,No,
119_h.res.100,Asher S.,Yes,
109_s.3311,Asher S.,No,
119_h.r.1,Asher S.,No,
119_h.r.2416,Asher S.,Yes,
119_s.244,Asher S.,No,
119_h.r.322,Asher S.,No,
119_h.r.1713,Asher S.,Yes,
119_h.r.5287,Asher S.,Yes,
119_s.3320,Asher S.,Yes,
119_h.res.104,Asher S.,No,
109_h.r.2003,Asher S.,No,
119_h.r.5491,Asher S.,Yes,
119_h.con.res.8,Asher S.,Yes,
107_s.2320,Asher S.,No,
119_s.res.409,Asher S.,Yes,
119_s.1979,Asher S.,No,
119_h.r.3721,Asher S.,Yes,
119_s.3405,Asher S.,Yes,
101_s.803,Asher S.,No,
119_s.2552,Asher S.,Yes,
110_h.r.5209,Asher S.,Yes,
112_s.2754,Asher S.,Yes,
101_s.1059,Asher S.,No,
119_h.r.5959,Asher S.,Yes,
119_h.r.4361,Asher S.,Yes,
119_s.753,Asher S.,Yes,
101_h.r.1156,Asher S.,No,
119_s.417,Asher S.,Yes,
119_s.912,Asher S.,Yes,
119_h.r.6262,Asher S.,Yes,
119_h.r.3635,Asher S.,Yes,
119_h.r.2806,Asher S.,Yes,
119_h.r.1716,Asher S.,Yes,
119_h.r.1948,Asher S.,No,
119_h.r.5986,Asher S.,Yes,
119_h.r.4142,Asher S.,No,
119_s.429,Asher S.,No,
116_s.4018,Asher S.,No,
119_s.j.res.77,Asher S.,No,
119_h.r.2969,Asher S.,No,
119_h.r.1122,Asher S.,Yes,
119_h.r.5153,Asher S.,No,
119_s.res.567,Asher S.,No,
119_s.715,Asher S.,Yes,
114_s.3469,Asher S.,Yes,
103_h.r.3475,Asher S.,No,
119_h.r.1184,Asher S.,Yes,
119_h.r.6938,Asher S.,No,
119_s.2297,Asher S.,No,
108_h.r.1978,Asher S.,No,
119_s.2168,Asher S.,Yes,
119_s.393,Asher S.,Yes,
119_h.r.1575,Asher S.,Yes,
119_h.r.3563,Asher S.,Yes,"Doesn't mention China specifically, but certainly does Taiwan in a way that would concern the Chinese government. Unsure if the ""Includes bills that mention Taiwan"" in the instructions means all bills."
119_s.3562,Asher S.,No,
119_h.r.1654,Asher S.,No,
119_h.r.4617,Asher S.,Yes,
119_h.r.1496,Asher S.,No,
105_h.r.3150,Asher S.,No,
117_s.res.538,Asher S.,No,"only mentions China as a ""malign actor"" in passing, without consequences for any businesses in the US"
105_s.1550,Asher S.,No,
119_h.r.6500,Asher S.,No,
111_s.2062,Asher S.,No,
119_h.r.809,Asher S.,Yes,
119_s.res.353,Asher S.,No,
102_s.2923,Asher S.,No,
119_s.436,Asher S.,No,
109_s.3203,Asher S.,No,
101_s.2944,Asher S.,No,
119_s.2574,Asher S.,Yes,
119_s.3447,Asher S.,Yes,
116_h.r.3230,Asher S.,Yes,
114_s.j.res.11,Asher S.,No,
119_s.3327,Asher S.,No,
101_s.2759,Asher S.,No,
107_h.r.4562,Asher S.,No,
119_h.r.1717,Asher S.,No,
119_h.r.4458,Asher S.,Yes,
119_s.1339,Asher S.,Yes,
109_s.2317,Asher S.,No,
119_s.2046,Asher S.,Yes,
119_s.2861,Asher S.,Yes,
119_h.r.1834,Asher S.,No,
119_h.res.353,Asher S.,No,
102_h.r.3305,Asher S.,No,
119_h.r.694,Asher S.,Yes,
119_s.1407,Asher S.,Yes,
109_h.r.2537,Asher S.,No,
119_h.r.2390,Asher S.,Yes,
119_s.j.res.49,Asher S.,No,
119_h.r.407,Asher S.,No,
102_h.r.1519,Asher S.,No,
119_s.49,Asher S.,Yes,
119_h.r.2349,Asher S.,Yes,
119_h.r.6207,Asher S.,No,
102_s.2648,Asher S.,No,
112_s.15,Asher S.,No,
119_h.r.3737,Asher S.,Yes,
119_h.r.6781,Asher S.,No,
119_s.3566,Asher S.,Yes,
119_s.776,Asher S.,No,
119_h.r.4888,Asher S.,No,
118_s.2754,Asher S.,No,
119_h.r.2147,Asher S.,Yes,
119_s.3416,Asher S.,No,
119_h.r.4140,Asher S.,No,
109_s.3260,Asher S.,No,
119_s.974,Asher S.,Yes,
111_h.res.705,Asher S.,No,
119_h.r.1111,Asher S.,No,
119_h.r.5180,Asher S.,Yes,
101_s.2581,Asher S.,No,
119_s.1113,Asher S.,Yes,
119_h.r.4736,Asher S.,Yes,
107_s.res.283,Asher S.,No,
119_s.1542,Asher S.,Yes,
102_h.r.1853,Asher S.,No,
119_h.r.477,Asher S.,No,
119_s.3056,Asher S.,Yes,
119_s.2874,Asher S.,No,
119_s.288,Asher S.,Yes,
111_h.res.687,Asher S.,No,
119_h.r.2635,Asher S.,Yes,
119_s.330,Asher S.,Yes,
119_s.1358,Asher S.,Yes,
119_s.1185,Asher S.,No,
112_h.r.4796,Elizabeth O.,No,
119_s.974,Elizabeth O.,No,
116_s.4018,Elizabeth O.,No,
119_h.r.1575,Elizabeth O.,Yes,
119_h.r.5626,Elizabeth O.,No,
119_h.r.2246,Elizabeth O.,Yes,
119_s.1625,Elizabeth O.,Yes,
119_s.res.409,Elizabeth O.,Yes,
119_h.r.6318,Elizabeth O.,No,
109_s.3311,Elizabeth O.,No,
102_s.2648,Elizabeth O.,No,
109_h.res.545,Elizabeth O.,No,
119_h.r.4427,Elizabeth O.,No,
119_s.2861,Elizabeth O.,No,
119_h.r.2503,Elizabeth O.,Yes,
119_s.1886,Elizabeth O.,No,
119_h.r.1512,Elizabeth O.,No,
119_s.3320,Elizabeth O.,Yes,
119_s.1711,Elizabeth O.,Yes,
119_h.r.2806,Elizabeth O.,Yes,
119_h.r.809,Elizabeth O.,Yes,
119_h.r.5450,Elizabeth O.,No,
119_s.732,Elizabeth O.,No,
119_s.3036,Elizabeth O.,Yes,
112_s.3269,Elizabeth O.,No,
115_s.2872,Elizabeth O.,No,
101_s.2581,Elizabeth O.,No,
119_h.r.1069,Elizabeth O.,Yes,
119_s.res.353,Elizabeth O.,No,
119_h.r.1654,Elizabeth O.,No,
119_h.r.328,Elizabeth O.,No,
119_s.1339,Elizabeth O.,Yes,
112_h.r.5692,Elizabeth O.,No,
119_s.288,Elizabeth O.,Yes,
119_h.r.6500,Elizabeth O.,No,
111_h.r.1980,Elizabeth O.,No,
103_h.r.3475,Elizabeth O.,No,
119_s.res.567,Elizabeth O.,No,
110_h.r.5209,Elizabeth O.,No,
119_h.r.2022,Elizabeth O.,No,
119_h.r.2635,Elizabeth O.,Yes,
119_h.r.1318,Elizabeth O.,No,
119_s.3056,Elizabeth O.,Yes,
116_h.r.3230,Elizabeth O.,No,
119_h.r.4802,Elizabeth O.,No,"Doesn't specifically mention china, but I assume they fall under ""foreign entities"""
119_s.res.351,Elizabeth O.,No,
119_s.199,Elizabeth O.,Yes,
119_s.151,Elizabeth O.,No,
119_h.res.110,Elizabeth O.,Yes,
119_s.3416,Elizabeth O.,No,Same with bill H.R. 4802
119_h.r.1701,Elizabeth O.,Yes,
119_s.2354,Elizabeth O.,Yes,
119_h.r.3028,Elizabeth O.,No,
102_h.r.1519,Elizabeth O.,No,
119_h.res.106,Elizabeth O.,No,
119_h.r.1948,Elizabeth O.,Yes,
119_s.947,Elizabeth O.,Yes,
119_s.res.540,Elizabeth O.,No,
106_s.2143,Elizabeth O.,No,
105_h.con.res.22,Elizabeth O.,No,
119_h.r.906,Elizabeth O.,No,
119_h.res.104,Elizabeth O.,Yes,
119_s.1979,Elizabeth O.,No,
109_h.r.2003,Elizabeth O.,No,
109_s.3260,Elizabeth O.,No,
119_h.res.130,Elizabeth O.,Yes,
119_s.2475,Elizabeth O.,No,
110_h.r.744,Elizabeth O.,No,
119_h.r.3201,Elizabeth O.,No,
119_s.3614,Elizabeth O.,No,Same with bill H.R. 4802
112_s.15,Elizabeth O.,Yes,
119_s.715,Elizabeth O.,Yes,
119_h.r.3225,Elizabeth O.,No,
119_h.r.5986,Elizabeth O.,Yes,
107_h.r.4562,Elizabeth O.,No,
119_h.r.692,Elizabeth O.,Yes,
119_s.179,Elizabeth O.,No,
119_s.330,Elizabeth O.,Yes,
119_s.49,Elizabeth O.,Yes,
105_h.r.3150,Elizabeth O.,No,
112_s.2640,Elizabeth O.,No,
119_s.3566,Elizabeth O.,Yes,
119_h.r.4360,Elizabeth O.,Yes,
119_s.951,Elizabeth O.,No,
111_h.res.687,Elizabeth O.,No,
114_s.3469,Elizabeth O.,Yes,
119_s.1113,Elizabeth O.,Yes,
119_h.r.6581,Elizabeth O.,No,same with bill H.R. 4802
119_s.1755,Elizabeth O.,Yes,
119_h.r.509,Elizabeth O.,Yes,
117_s.res.538,Elizabeth O.,No,
119_h.r.1122,Elizabeth O.,Yes,
119_s.2168,Elizabeth O.,Yes,
119_s.244,Elizabeth O.,No,
101_s.2944,Elizabeth O.,No,
119_h.r.2349,Elizabeth O.,Yes,
119_s.res.61,Elizabeth O.,Yes,
119_h.r.1713,Elizabeth O.,No,
119_h.r.5180,Elizabeth O.,Yes,
119_s.2268,Elizabeth O.,No,
101_s.803,Elizabeth O.,No,
119_h.r.5244,Elizabeth O.,No,
119_h.r.4335,Elizabeth O.,No,
119_h.r.3292,Elizabeth O.,No,
107_h.r.4463,Elizabeth O.,No,
119_h.r.1184,Elizabeth O.,Yes,
119_h.r.3563,Elizabeth O.,Yes,
119_h.r.252,Elizabeth O.,Yes,
119_h.r.1716,Elizabeth O.,Yes,
119_s.731,Elizabeth O.,Yes,
119_s.176,Elizabeth O.,Yes,
119_s.680,Elizabeth O.,Yes,
119_h.r.386,Elizabeth O.,Yes,
119_s.res.54,Elizabeth O.,No,
119_h.r.3982,Elizabeth O.,No,
119_h.r.6447,Elizabeth O.,Yes,
119_s.1185,Elizabeth O.,No,
119_h.r.6496,Elizabeth O.,No,
118_s.2754,Elizabeth O.,Yes,
119_h.r.1615,Elizabeth O.,Yes,
119_h.r.2969,Elizabeth O.,No,
119_h.r.3461,Elizabeth O.,Yes,
119_h.r.1920,Elizabeth O.,No,same with bill H.R. 4802
119_s.2574,Elizabeth O.,No,same with bill H.R. 4802
112_h.r.5173,Elizabeth O.,No,
119_s.776,Elizabeth O.,No,
119_h.res.937,Elizabeth O.,No,
119_s.res.339,Elizabeth O.,No,
106_h.r.2064,Elizabeth O.,No,
119_h.res.689,Elizabeth O.,Yes,
119_h.r.1504,Elizabeth O.,Yes,
119_h.r.2416,Elizabeth O.,Yes,
119_h.r.3635,Elizabeth O.,No,same with bill H.R. 4802
119_s.1731,Elizabeth O.,Yes,
119_h.r.6846,Elizabeth O.,No,
119_s.j.res.49,Elizabeth O.,No,
104_s.1356,Elizabeth O.,No,
106_s.2175,Elizabeth O.,No,
119_s.2297,Elizabeth O.,No,same with bill H.R. 4802
119_h.res.368,Elizabeth O.,No,
112_s.2762,Elizabeth O.,No,
101_s.1059,Elizabeth O.,No,
119_s.1512,Elizabeth O.,No,same with bill H.R. 4802
119_s.1357,Elizabeth O.,Yes,
119_s.742,Elizabeth O.,No,
119_h.r.3737,Elizabeth O.,Yes,
119_h.r.6888,Elizabeth O.,No,
101_h.con.res.214,Elizabeth O.,No,
119_s.672,Elizabeth O.,Yes,
111_s.2110,Elizabeth O.,No,
119_s.259,Elizabeth O.,No,same with bill H.R. 4802
119_s.1900,Elizabeth O.,Yes,
119_h.r.866,Elizabeth O.,No,
115_s.1780,Elizabeth O.,Yes,
110_s.res.619,Elizabeth O.,No,
109_s.2317,Elizabeth O.,No,
119_h.r.256,Elizabeth O.,No,
119_s.3562,Elizabeth O.,No,
111_s.2062,Elizabeth O.,No,
119_h.r.1531,Elizabeth O.,Yes,
119_h.r.458,Elizabeth O.,No,same with bill H.R. 4802
112_s.2903,Elizabeth O.,No,
119_h.res.100,Elizabeth O.,Yes,
119_h.r.6781,Elizabeth O.,No,
116_s.3064,Elizabeth O.,No,
101_s.1278,Elizabeth O.,Yes,
119_h.res.5,Elizabeth O.,No,
119_h.res.653,Elizabeth O.,No,
119_h.r.2449,Ines A.,No,
119_h.r.3982,Ines A.,No,
119_h.r.2559,Ines A.,Yes,
119_h.r.5838,Ines A.,Yes,
119_s.j.res.101,Ines A.,Yes,
119_h.r.1625,Ines A.,No,
119_h.r.509,Ines A.,Yes,
119_h.r.2310,Ines A.,Yes,
119_s.res.31,Ines A.,Yes,
112_s.2762,Ines A.,No,
112_s.3269,Ines A.,No,
119_h.r.6770,Ines A.,Yes,
119_h.r.3225,Ines A.,No,
119_h.res.130,Ines A.,Yes,
119_h.r.386,Ines A.,Yes,
119_h.r.4519,Ines A.,No,
119_s.2354,Ines A.,No,
119_s.259,Ines A.,Yes,
119_h.res.916,Ines A.,Yes,
119_h.r.4706,Ines A.,Yes,
119_s.959,Ines A.,No,
119_h.r.620,Ines A.,No,
110_s.res.619,Ines A.,No,
119_s.199,Ines A.,Yes,
119_s.151,Ines A.,No,
119_h.r.4335,Ines A.,No,
119_h.r.1701,Ines A.,Yes,
115_s.1780,Ines A.,Yes,
119_s.res.226,Ines A.,Yes,
119_h.r.1920,Ines A.,No,
119_h.r.3201,Ines A.,No,
119_s.3614,Ines A.,No,
119_h.r.1165,Ines A.,No,
119_h.r.5450,Ines A.,No,
119_s.res.351,Ines A.,No,
119_h.r.2286,Ines A.,Yes,
119_h.r.5244,Ines A.,No,
119_s.3153,Ines A.,Yes,
119_s.3390,Ines A.,Yes,
119_s.3426,Ines A.,No,
109_s.2208,Ines A.,No,
119_s.1886,Ines A.,No,
119_s.1625,Ines A.,Yes,
112_h.r.5173,Ines A.,No,
119_h.r.2114,Ines A.,Yes,
119_s.1755,Ines A.,Yes,
114_s.3469,Ines A.,Yes,
107_h.r.4463,Ines A.,No,
119_h.res.561,Ines A.,No,
109_h.j.res.86,Ines A.,No,
119_s.731,Ines A.,Yes,
119_s.153,Ines A.,No,
119_h.r.1049,Ines A.,No,
119_h.r.4016,Ines A.,No,
119_s.3301,Ines A.,No,
112_s.15,Ines A.,Yes,
119_h.r.6318,Ines A.,No,
119_h.r.6846,Ines A.,No,
119_h.res.1020,Ines A.,Yes,
119_s.2296,Ines A.,No,
119_h.r.1318,Ines A.,No,
116_h.res.1131,Ines A.,No,
119_s.res.283,Ines A.,Yes,
119_s.40,Ines A.,No,
104_h.con.res.84,Ines A.,No,
109_h.r.5918,Ines A.,No,
119_s.res.339,Ines A.,No,
110_h.r.4156,Ines A.,No,
116_s.4018,Ines A.,No,
119_h.r.1743,Ines A.,No,
117_s.res.538,Ines A.,No,
101_s.2493,Ines A.,No,
119_h.r.906,Ines A.,No,
119_h.r.1468,Ines A.,Yes,
112_s.2903,Ines A.,No,
119_h.r.5246,Ines A.,Yes,
119_s.1357,Ines A.,Yes,
113_s.1850,Ines A.,No,
119_h.r.2000,Ines A.,Yes,
119_s.672,Ines A.,Yes,
119_s.742,Ines A.,No,
119_h.res.5,Ines A.,No,
106_s.2175,Ines A.,No,
119_s.1731,Ines A.,Yes,
119_h.r.3786,Ines A.,Yes,
119_h.res.110,Ines A.,Yes,
101_s.1278,Ines A.,Yes,
119_s.2268,Ines A.,Yes,
119_h.r.692,Ines A.,Yes,
111_h.r.1980,Ines A.,No,
119_s.res.523,Ines A.,Yes,
119_h.r.6888,Ines A.,No,
112_h.r.4796,Ines A.,No,
112_s.2358,Ines A.,No,
119_s.951,Ines A.,No,
119_s.res.540,Ines A.,No,
116_s.3064,Ines A.,No,
119_h.r.942,Ines A.,Yes,
119_s.1012,Ines A.,Yes,
119_h.r.1504,Ines A.,Yes,
119_h.r.4812,Ines A.,No,
113_h.r.1056,Ines A.,No,
119_h.r.1422,Ines A.,No,
112_s.2640,Ines A.,No,
119_h.r.400,Ines A.,No,
119_h.res.937,Ines A.,No,
119_h.r.458,Ines A.,No,
119_h.res.653,Ines A.,No,
119_s.res.54,Ines A.,Yes,
119_s.3163,Ines A.,Yes,
119_h.r.7058,Ines A.,No,
109_h.r.2836,Ines A.,No,
119_h.r.1167,Ines A.,Yes,
119_h.r.460,Ines A.,Yes,
119_h.r.1995,Ines A.,Yes,
118_s.2754,Ines A.,Yes,
119_h.r.4802,Ines A.,No,
119_s.1623,Ines A.,No,
119_h.r.5626,Ines A.,Yes,
119_h.res.925,Ines A.,No,
110_s.3439,Ines A.,No,
119_s.3555,Ines A.,Yes,
119_h.res.106,Ines A.,No,
106_h.r.3786,Ines A.,No,
106_s.2143,Ines A.,No,
119_h.r.6246,Ines A.,No,
111_s.2110,Ines A.,No,
101_s.2944,Ines A.,No,
107_h.r.4428,Ines A.,No,
119_h.r.969,Ines A.,No,
119_h.r.252,Ines A.,Yes,
119_h.r.6447,Ines A.,Yes,
119_h.r.866,Ines A.,No,
119_s.179,Ines A.,No,
119_h.r.5371,Ines A.,No,
119_s.1512,Ines A.,No,
108_h.r.2644,Ines A.,No,
119_h.res.368,Ines A.,No,
101_h.con.res.214,Ines A.,No,
105_h.con.res.22,Ines A.,No,
119_h.r.4848,Ines A.,Yes,
119_h.r.1615,Ines A.,No,
111_s.2028,Ines A.,No,
119_h.r.283,Ines A.,No,
107_h.r.4228,Ines A.,No,
119_h.r.6496,Ines A.,No,
119_s.176,Ines A.,Yes,
119_h.r.3461,Ines A.,Yes,
119_h.r.2871,Ines A.,No,
119_h.r.3838,Ines A.,No,
112_h.r.5692,Ines A.,No,
119_h.r.256,Ines A.,No,
119_s.2882,Ines A.,No,
115_s.2872,Ines A.,No,
119_s.947,Ines A.,Yes,
119_h.r.3224,Ines A.,No,
107_s.2178,Ines A.,No,
119_h.r.564,Ines A.,Yes,
106_h.r.2064,Ines A.,No,
119_h.r.3292,Ines A.,No,
119_s.1711,Ines A.,Yes,
119_h.r.2459,Ines A.,No,
119_s.res.61,Ines A.,Yes,
119_h.r.7020,Ines A.,No,
119_h.r.2022,Ines A.,No,
119_h.r.960,Ines A.,No,
109_s.2317,Ines A.,No,
104_s.1356,Ines A.,No,
117_s.res.538,Kate K.,No,
119_h.res.561,Kate K.,No,
119_h.r.1724,Kate K.,Yes,
119_h.r.3838,Kate K.,No,
111_h.res.1266,Kate K.,No,
115_s.res.386,Kate K.,No,
113_h.r.3355,Kate K.,No,
119_h.r.1743,Kate K.,No,
119_s.res.523,Kate K.,Yes,
119_h.res.971,Kate K.,Yes,
101_h.r.4305,Kate K.,No,
119_s.3153,Kate K.,No,
110_h.r.4730,Kate K.,No,
119_h.r.3122,Kate K.,No,
119_h.r.1995,Kate K.,No,
119_s.3451,Kate K.,No,
119_s.3555,Kate K.,No,
119_h.r.960,Kate K.,No,
119_s.823,Kate K.,Yes,"Mentions China specifically, but also says it is for other countries too"
119_s.2722,Kate K.,Yes,
119_s.1012,Kate K.,No,
105_s.1833,Kate K.,No,
119_h.r.2653,Kate K.,No,
119_s.3390,Kate K.,Yes,
119_h.r.3197,Kate K.,Yes,
116_s.4018,Kate K.,No,
106_h.r.901,Kate K.,No,
115_s.1780,Kate K.,No,
109_h.r.2836,Kate K.,No,
101_s.1715,Kate K.,No,
119_h.res.916,Kate K.,Yes,
119_h.r.2310,Kate K.,Yes,
119_h.r.2114,Kate K.,No,
119_h.r.7075,Kate K.,Yes,
114_s.3469,Kate K.,Yes,
119_h.r.4519,Kate K.,No,
119_h.r.1468,Kate K.,Yes,
119_h.r.620,Kate K.,No,
119_h.r.5838,Kate K.,Yes,
119_h.res.930,Kate K.,Yes,
108_h.r.2644,Kate K.,No,
119_h.r.1679,Kate K.,No,
119_h.r.4812,Kate K.,No,
119_s.res.283,Kate K.,Yes,
119_s.3301,Kate K.,No,
119_s.959,Kate K.,No,
119_h.r.938,Kate K.,No,
119_h.r.2659,Kate K.,Yes,
119_h.r.3224,Kate K.,No,
119_s.1165,Kate K.,Yes,
109_h.r.5918,Kate K.,No,
119_h.r.5250,Kate K.,No,
119_s.488,Kate K.,No,
119_h.res.717,Kate K.,No,
111_s.2028,Kate K.,No,
103_h.r.2897,Kate K.,No,
119_h.r.5329,Kate K.,Yes,
119_h.r.1625,Kate K.,No,
119_h.r.2449,Kate K.,No,
119_h.r.2871,Kate K.,No,
107_h.r.4228,Kate K.,No,
119_h.r.7058,Kate K.,No,
119_s.321,Kate K.,Yes,
119_h.r.6770,Kate K.,Yes,
119_s.3374,Kate K.,No,
119_h.r.4,Kate K.,No,
101_s.2944,Kate K.,No,
119_h.r.910,Kate K.,Yes,
110_h.r.4156,Kate K.,No,
119_h.r.1005,Kate K.,No,
119_h.r.649,Kate K.,No,
119_s.2424,Kate K.,Yes,
119_h.r.283,Kate K.,No,
112_s.2358,Kate K.,No,
119_s.res.39,Kate K.,No,
119_h.r.3452,Kate K.,Yes,
119_h.r.942,Kate K.,Yes,
114_h.r.4303,Kate K.,No,
119_s.761,Kate K.,No,
119_s.2684,Kate K.,Yes,
119_h.r.564,Kate K.,Yes,
119_h.r.4016,Kate K.,No,
110_s.3439,Kate K.,No,
119_s.1772,Kate K.,Yes,
119_h.r.6246,Kate K.,No,
119_h.r.5246,Kate K.,No,
111_s.1854,Kate K.,No,
119_h.res.242,Kate K.,No,
119_h.r.1049,Kate K.,No,
119_s.1010,Kate K.,Yes,
119_h.r.460,Kate K.,Yes,
119_h.r.1167,Kate K.,Yes,
119_s.1223,Kate K.,Yes,
119_s.40,Kate K.,No,
119_h.r.6576,Kate K.,Yes,
119_h.r.1422,Kate K.,No,
119_h.r.969,Kate K.,No,
119_h.r.4848,Kate K.,Yes,
119_s.1623,Kate K.,Yes,
119_s.1864,Kate K.,Yes,
119_s.3426,Kate K.,No,
119_s.3163,Kate K.,Yes,
119_s.153,Kate K.,No,
119_s.j.res.101,Kate K.,Yes,
113_s.1850,Kate K.,No,
109_s.2317,Kate K.,No,
101_s.2493,Kate K.,No,
101_s.1278,Kate K.,Yes,
119_h.r.6372,Kate K.,No,
107_h.r.4428,Kate K.,No,
119_s.1754,Kate K.,Yes,
119_h.r.1165,Kate K.,No,
119_h.r.4121,Kate K.,No,
119_s.2296,Kate K.,No,
115_s.2872,Kate K.,No,
119_h.r.2559,Kate K.,Yes,
119_h.r.2286,Kate K.,Yes,
106_h.r.3786,Kate K.,No,
119_h.r.3961,Kate K.,Yes,
119_h.r.2459,Kate K.,No,
119_s.res.226,Kate K.,Yes,
101_h.r.4587,Kate K.,No,
119_s.3080,Kate K.,Yes,
119_h.res.515,Kate K.,Yes,
119_s.580,Kate K.,Yes,
119_h.r.400,Kate K.,No,
119_h.r.2000,Kate K.,Yes,
119_s.res.31,Kate K.,Yes,
107_s.2178,Kate K.,No,
119_h.r.4775,Kate K.,No,
119_h.res.925,Kate K.,No,
107_s.1798,Kate K.,No,
119_h.r.455,Kate K.,Yes,
119_s.2882,Kate K.,No,
111_s.1926,Kate K.,No,
119_s.172,Kate K.,Yes,
119_s.2342,Kate K.,No,
109_s.2208,Kate K.,No,
119_h.r.4522,Kate K.,Yes,
108_h.r.4398,Kate K.,No,
116_h.res.1131,Kate K.,No,
119_h.res.64,Kate K.,No,
110_h.r.5198,Kate K.,No,
109_h.j.res.86,Kate K.,No,
119_s.res.356,Kate K.,No,
108_h.r.2534,Kate K.,No,
119_h.res.1020,Kate K.,No,
119_h.r.733,Kate K.,Yes,
119_s.406,Kate K.,No,
113_h.r.1056,Kate K.,No,
119_s.2125,Kate K.,Yes,
119_h.r.2619,Kate K.,No,
119_h.r.1023,Kate K.,No,
119_s.2671,Kate K.,No,
119_h.r.3786,Kate K.,No,
119_h.r.6105,Kate K.,Yes,
119_h.r.5371,Kate K.,No,
112_s.15,Kate K.,No,
119_h.r.7020,Kate K.,No,
119_s.res.281,Kate K.,No,
106_h.r.2196,Kate K.,No,
119_h.r.1166,Kate K.,No,
104_h.con.res.84,Kate K.,No,
119_h.r.3180,Kate K.,Yes,
118_s.2754,Kate K.,No,
119_h.r.4706,Kate K.,Yes,
119_s.777,Kate K.,Yes,
119_s.2258,Kate K.,Yes,
110_h.r.5198,Lena H.,No,
119_h.r.2619,Lena H.,No,
119_s.580,Lena H.,Yes,
119_h.res.148,Lena H.,Yes,
119_s.1772,Lena H.,Yes,
119_s.823,Lena H.,Yes,
117_s.res.538,Lena H.,No,
119_h.res.971,Lena H.,Yes,
119_h.r.5250,Lena H.,No,
119_s.j.res.37,Lena H.,No,
119_s.3655,Lena H.,Yes,
119_h.r.1048,Lena H.,No,"Main concerns are chinese and russian companies sending money to US higher ed institions, but uses them as examlpes and targets any foreign instition"
119_s.3451,Lena H.,No,
119_h.r.1724,Lena H.,Yes,
105_s.1833,Lena H.,No,
119_h.r.733,Lena H.,Yes,*Hong Kong
119_s.3080,Lena H.,Yes,
101_h.r.4587,Lena H.,No,
112_s.2501,Lena H.,No,
119_s.2342,Lena H.,No,
119_s.817,Lena H.,Yes,
119_s.108,Lena H.,Yes,
119_s.res.52,Lena H.,Yes,
102_h.r.1807,Lena H.,No,
119_s.2868,Lena H.,No,
119_h.r.7113,Lena H.,Yes,*obviously a joke
119_h.r.3180,Lena H.,Yes,
119_h.r.914,Lena H.,No,
119_s.1754,Lena H.,Yes,
119_h.r.3198,Lena H.,Yes,
119_s.172,Lena H.,Yes,
119_h.r.1166,Lena H.,Yes,
119_s.2722,Lena H.,Yes,
119_h.r.4775,Lena H.,No,
119_s.1223,Lena H.,Yes,
119_s.733,Lena H.,Yes,
119_h.res.717,Lena H.,No,
119_s.3374,Lena H.,Yes,
119_h.res.515,Lena H.,Yes,
119_h.res.64,Lena H.,No,korea is us ally in asia but does not mention china
119_s.853,Lena H.,No,
119_h.r.1549,Lena H.,Yes,
119_s.res.356,Lena H.,No,
119_h.r.4522,Lena H.,Yes,
102_h.r.1859,Lena H.,No,
119_s.1011,Lena H.,Yes,
119_s.2671,Lena H.,No,
119_h.r.6372,Lena H.,No,
103_s.res.209,Lena H.,No,
110_h.r.4730,Lena H.,No,
119_s.1055,Lena H.,No,
102_h.r.3406,Lena H.,No,
119_s.2611,Lena H.,No,
119_h.r.4830,Lena H.,Yes,
119_s.res.39,Lena H.,No,
119_s.37,Lena H.,No,
116_s.4018,Lena H.,Yes,
119_s.3158,Lena H.,No,
112_s.15,Lena H.,Yes,
107_h.r.4239,Lena H.,No,
115_s.1780,Lena H.,No,
115_s.res.386,Lena H.,No,
119_h.r.938,Lena H.,Yes,
101_h.r.4305,Lena H.,No,
108_h.r.2534,Lena H.,No,
119_s.res.352,Lena H.,No,
119_s.761,Lena H.,No,
119_h.r.649,Lena H.,No,
105_h.r.4358,Lena H.,No,
119_h.r.3122,Lena H.,No,
119_h.r.7121,Lena H.,Yes,
119_s.1463,Lena H.,No,
111_h.res.1266,Lena H.,No,
119_h.r.385,Lena H.,No,
119_h.r.1005,Lena H.,Yes,
106_h.r.901,Lena H.,No,
119_s.1165,Lena H.,Yes,
119_s.2146,Lena H.,Yes,
119_s.2125,Lena H.,Yes,
119_h.r.6576,Lena H.,Yes,
112_h.r.5300,Lena H.,No,
106_h.r.2196,Lena H.,No,
103_h.r.2897,Lena H.,No,
113_h.r.3355,Lena H.,No,
119_s.197,Lena H.,Yes,
119_h.r.1679,Lena H.,Yes,
104_h.r.1056,Lena H.,No,
119_s.res.121,Lena H.,No,
119_h.r.5329,Lena H.,Yes,
119_h.r.1507,Lena H.,Yes,
119_s.1864,Lena H.,Yes,
109_s.2317,Lena H.,Yes,
109_s.2963,Lena H.,No,
119_h.r.6487,Lena H.,Yes,
119_s.868,Lena H.,No,
119_s.2669,Lena H.,Yes,
119_s.488,Lena H.,No,
114_h.r.4303,Lena H.,No,
119_s.2048,Lena H.,Yes,
119_s.2550,Lena H.,Yes,
101_s.1278,Lena H.,Yes,
119_s.618,Lena H.,Yes,
119_h.r.4121,Lena H.,No,
119_h.r.3197,Lena H.,Yes,
119_s.406,Lena H.,Yes,
119_h.r.2659,Lena H.,Yes,
119_h.r.1032,Lena H.,Yes,
115_s.2872,Lena H.,No,
119_h.r.2029,Lena H.,No,
114_s.3469,Lena H.,Yes,
118_s.2754,Lena H.,Yes,
101_s.2944,Lena H.,No,"title IV about china loans, rest of bill unrelated"
119_h.r.2458,Lena H.,No,
119_s.777,Lena H.,Yes,
119_s.1883,Lena H.,Yes,
119_s.2424,Lena H.,Yes,
119_h.res.242,Lena H.,No,
110_h.r.4471,Lena H.,No,
119_h.r.6105,Lena H.,Yes,
111_s.1926,Lena H.,No,
119_h.r.1023,Lena H.,Yes,
119_s.res.40,Lena H.,No,
111_s.2087,Lena H.,No,
119_h.r.953,Lena H.,Yes,
119_s.321,Lena H.,Yes,
110_s.3357,Lena H.,No,
105_h.r.2432,Lena H.,No,
103_h.r.2452,Lena H.,No,
119_s.1778,Lena H.,Yes,
119_h.r.3565,Lena H.,No,
119_h.r.3961,Lena H.,Yes,
112_h.res.698,Lena H.,No,
119_h.r.910,Lena H.,Yes,
119_h.r.7075,Lena H.,Yes,
119_s.2258,Lena H.,Yes,
119_s.1360,Lena H.,Yes,
119_h.r.3626,Lena H.,Yes,
119_h.r.2653,Lena H.,No,
107_s.1798,Lena H.,No,
101_s.1715,Lena H.,No,
119_h.r.455,Lena H.,Yes,
119_s.2231,Lena H.,No,
119_h.r.7006,Lena H.,No,
119_h.r.3452,Lena H.,Yes,
119_s.2684,Lena H.,Yes,
110_h.r.2705,Lena H.,Yes,
119_s.418,Lena H.,Yes,
119_h.r.2914,Lena H.,Yes,
119_s.691,Lena H.,No,
119_h.r.542,Lena H.,Yes,
119_h.r.4,Lena H.,No,
119_s.1588,Lena H.,Yes,
119_h.r.1540,Lena H.,Yes,
119_h.r.805,Lena H.,Yes,
108_h.r.4398,Lena H.,No,
119_s.1010,Lena H.,Yes,
119_s.res.86,Lena H.,Yes,
119_s.2180,Lena H.,No,
119_h.res.930,Lena H.,Yes,
119_h.r.1576,Lena H.,Yes,
119_h.r.6624,Lena H.,Yes,
111_s.1854,Lena H.,No,
119_s.res.281,Lena H.,No,
119_h.r.6275,Lena H.,Yes,
119_h.r.33,Lena H.,Yes,taiwan resident tax protecrions?
110_h.con.res.203,Lena H.,No,
119_h.r.36,Lena H.,Yes,
119_s.886,Lena H.,No,
119_h.r.1121,Nikita B.,Yes,
119_h.r.2067,Nikita B.,No,
103_h.r.5206,Nikita B.,No,
110_h.con.res.203,Nikita B.,No,
119_s.res.86,Nikita B.,Yes,
119_h.res.148,Nikita B.,Yes,
103_s.res.209,Nikita B.,No,
119_s.res.121,Nikita B.,No,
119_s.3158,Nikita B.,No,
119_s.res.40,Nikita B.,No,
116_h.r.1383,Nikita B.,No,
119_s.j.res.37,Nikita B.,No,
119_h.r.508,Nikita B.,Yes,"Its more about businesses, but it concerns China in a big way so im not sure, but I was leaning yes."
119_h.r.805,Nikita B.,Yes,
119_h.r.5300,Nikita B.,No,
119_h.r.2754,Nikita B.,No,
112_s.15,Nikita B.,No,
119_h.r.600,Nikita B.,No,
119_h.r.1576,Nikita B.,No,
119_h.r.2464,Nikita B.,No,
119_s.1000,Nikita B.,No,
119_h.r.2115,Nikita B.,Yes,
119_h.r.6487,Nikita B.,Yes,
109_s.2963,Nikita B.,No,
119_h.r.2029,Nikita B.,No,
107_h.con.res.202,Nikita B.,No,
119_s.197,Nikita B.,No,
119_s.886,Nikita B.,No,
119_h.r.1032,Nikita B.,Yes,
104_h.r.1056,Nikita B.,No,
119_h.r.6792,Nikita B.,No,
119_s.2180,Nikita B.,No,
115_s.2872,Nikita B.,No,
112_h.r.5165,Nikita B.,No,
119_h.r.254,Nikita B.,Yes,
119_h.r.4081,Nikita B.,No,
119_s.3069,Nikita B.,Yes,
119_h.r.2914,Nikita B.,Yes,
119_s.1360,Nikita B.,Yes,
119_h.r.40,Nikita B.,No,
119_s.res.463,Nikita B.,Yes,
119_s.618,Nikita B.,No,China is a big part of it but multiple countries were mentioned.
119_s.1359,Nikita B.,Yes,
119_h.r.6624,Nikita B.,Yes,
104_h.r.3499,Nikita B.,No,
101_s.1278,Nikita B.,Yes,
119_s.418,Nikita B.,Yes,
119_s.1824,Nikita B.,Yes,
119_h.r.385,Nikita B.,No,
119_s.1055,Nikita B.,No,
119_s.1011,Nikita B.,Yes,
110_h.r.2705,Nikita B.,No,
119_s.res.352,Nikita B.,No,
119_h.r.1968,Nikita B.,No,
119_h.r.3904,Nikita B.,No,
102_h.r.5372,Nikita B.,No,
110_s.3357,Nikita B.,No,
119_h.r.2393,Nikita B.,No,
119_h.con.res.62,Nikita B.,No,
119_s.1478,Nikita B.,No,
119_h.r.914,Nikita B.,No,
109_s.2317,Nikita B.,No,
105_h.r.4358,Nikita B.,No,
119_h.r.6061,Nikita B.,No,
117_s.res.538,Nikita B.,No,
109_h.r.1890,Nikita B.,No,
116_s.4018,Nikita B.,No,
109_h.r.2225,Nikita B.,No,
119_s.108,Nikita B.,Yes,
119_s.3148,Nikita B.,Yes,
119_h.r.4830,Nikita B.,Yes,
119_h.r.3198,Nikita B.,Yes,
112_s.2501,Nikita B.,No,
119_s.817,Nikita B.,Yes,
119_h.r.33,Nikita B.,Yes,
112_h.r.5363,Nikita B.,No,
119_h.con.res.65,Nikita B.,No,
119_h.r.36,Nikita B.,Yes,
119_s.733,Nikita B.,Yes,
113_h.r.1505,Nikita B.,No,
101_s.2944,Nikita B.,No,
109_h.res.1001,Nikita B.,No,
119_h.r.2113,Nikita B.,Yes,
119_s.1778,Nikita B.,Yes,
119_s.1694,Nikita B.,Yes,
119_h.r.2047,Nikita B.,No,
119_s.860,Nikita B.,No,
111_s.2087,Nikita B.,No,
110_h.r.5389,Nikita B.,No,
119_s.37,Nikita B.,No,
115_s.1780,Nikita B.,No,
102_h.r.1859,Nikita B.,No,
119_s.res.354,Nikita B.,No,
119_h.r.2917,Nikita B.,No,
112_h.res.698,Nikita B.,No,
119_h.r.1848,Nikita B.,No,
119_s.2259,Nikita B.,No,
119_h.r.1048,Nikita B.,No,
119_s.2611,Nikita B.,No,
103_h.r.2452,Nikita B.,No,
119_h.r.747,Nikita B.,Yes,
119_s.2550,Nikita B.,No,
119_s.2669,Nikita B.,No,
119_s.2146,Nikita B.,Yes,
119_h.r.1081,Nikita B.,Yes,
118_s.2754,Nikita B.,No,
105_h.r.2432,Nikita B.,No,
119_h.r.5303,Nikita B.,Yes,
119_s.res.52,Nikita B.,No,
119_s.450,Nikita B.,No,
104_h.r.3698,Nikita B.,No,
119_h.r.1134,Nikita B.,Yes,
114_s.3469,Nikita B.,Yes,
119_h.r.1540,Nikita B.,Yes,
119_s.1216,Nikita B.,Yes,
119_s.3655,Nikita B.,Yes,
119_h.r.7121,Nikita B.,Yes,
110_h.r.4471,Nikita B.,No,
119_s.3208,Nikita B.,Yes,
119_s.2868,Nikita B.,No,
119_h.res.232,Nikita B.,Yes,
119_h.r.1438,Nikita B.,Yes,
119_h.r.4781,Nikita B.,No,
119_h.r.1235,Nikita B.,No,
119_s.res.350,Nikita B.,No,
107_h.r.4239,Nikita B.,No,
119_s.868,Nikita B.,No,
119_s.2502,Nikita B.,Yes,
119_h.r.6151,Nikita B.,No,
111_h.con.res.318,Nikita B.,No,
119_h.r.2370,Nikita B.,Yes,
119_s.1588,Nikita B.,Yes,
119_s.1744,Nikita B.,Yes,
119_h.r.6504,Nikita B.,No,
119_s.853,Nikita B.,No,
102_h.r.3406,Nikita B.,No,
119_h.r.243,Nikita B.,No,
119_h.r.1549,Nikita B.,Yes,
119_h.r.4779,Nikita B.,No,
111_s.1975,Nikita B.,No,
119_h.r.1507,Nikita B.,Yes,
119_h.r.6286,Nikita B.,No,
119_s.1883,Nikita B.,Yes,
119_s.3640,Nikita B.,Yes,
119_s.769,Nikita B.,No,
112_h.r.5300,Nikita B.,No,
119_s.691,Nikita B.,No,
119_h.r.934,Nikita B.,Yes,
119_h.r.3565,Nikita B.,No,
119_h.r.708,Nikita B.,Yes,
119_h.r.7006,Nikita B.,No,
119_s.3574,Nikita B.,Yes,
119_h.r.542,Nikita B.,No,
119_h.r.7146,Nikita B.,Yes,
119_s.928,Nikita B.,No,
116_h.r.598,Nikita B.,No,
119_s.j.res.88,Nikita B.,No,
119_h.r.953,Nikita B.,No,
102_h.r.1807,Nikita B.,No,
119_h.r.7113,Nikita B.,Yes,"China is mentioned, but I dont understands how it really concerns it."
119_s.1463,Nikita B.,No,
119_h.r.3626,Nikita B.,No,
119_s.2048,Nikita B.,No,
112_s.3124,Nikita B.,No,
119_h.r.6275,Nikita B.,Yes,
119_h.r.2458,Nikita B.,No,
119_s.2231,Nikita B.,No,
119_h.r.6792,Noah M.,No,
112_s.15,Noah M.,No,
118_s.2754,Noah M.,Yes,
112_h.r.5165,Noah M.,No,
119_h.r.735,Noah M.,No,"Targets China, but also targets Europe, Mexico, and Canada, in its proposal"
112_s.2776,Noah M.,No,
117_s.res.538,Noah M.,No,
119_h.r.600,Noah M.,Yes,
119_s.369,Noah M.,Yes,
119_s.2646,Noah M.,Yes,
119_s.1216,Noah M.,Yes,
119_s.1434,Noah M.,Yes,
119_h.r.6877,Noah M.,Yes,
119_s.2384,Noah M.,Yes,
119_h.r.4081,Noah M.,Yes,
119_h.r.6151,Noah M.,No,
119_s.1744,Noah M.,Yes,
116_h.r.598,Noah M.,No,
109_h.res.1001,Noah M.,No,
119_h.res.470,Noah M.,Yes,
114_s.3469,Noah M.,Yes,
119_h.r.2661,Noah M.,Yes,
106_h.r.5469,Noah M.,No,
119_h.r.648,Noah M.,No,
119_s.1359,Noah M.,Yes,
119_s.1694,Noah M.,Yes,
104_h.r.3499,Noah M.,No,
119_h.res.248,Noah M.,No,
113_h.r.1505,Noah M.,No,
119_h.r.5300,Noah M.,Yes,
119_s.1000,Noah M.,Yes,
119_s.206,Noah M.,Yes,
112_h.r.5192,Noah M.,No,
119_s.2453,Noah M.,Yes,
119_s.769,Noah M.,Yes,
119_s.1053,Noah M.,Yes,
119_h.r.6909,Noah M.,Yes,
119_s.2657,Noah M.,Yes,
119_h.r.391,Noah M.,Yes,
119_s.3148,Noah M.,Yes,
119_h.r.2403,Noah M.,Yes,
119_h.r.2047,Noah M.,No,
108_h.r.10,Noah M.,No,
119_h.r.2393,Noah M.,No,
119_h.r.1577,Noah M.,No,Offhandedly mentions actions to be taken against China in a single paragraph
101_s.2944,Noah M.,No,
104_h.r.3698,Noah M.,No,
101_h.r.4018,Noah M.,No,
119_h.con.res.25,Noah M.,No,
119_h.r.40,Noah M.,No,
116_h.res.256,Noah M.,No,
119_h.r.1438,Noah M.,Yes,
119_s.3640,Noah M.,Yes,
119_s.res.354,Noah M.,No,
119_s.2502,Noah M.,Yes,
119_h.r.1968,Noah M.,No,
119_h.r.2917,Noah M.,Yes,
112_h.r.5363,Noah M.,No,
103_h.r.795,Noah M.,No,
119_h.res.232,Noah M.,Yes,
119_h.r.4781,Noah M.,No,
119_s.450,Noah M.,Yes,
119_h.r.3727,Noah M.,No,
119_h.r.934,Noah M.,Yes,
119_s.1824,Noah M.,Yes,
115_h.r.6413,Noah M.,No,
119_s.2224,Noah M.,Yes,
109_h.r.1890,Noah M.,No,
119_s.928,Noah M.,Yes,
109_s.2317,Noah M.,No,
119_h.r.5912,Noah M.,Yes,
119_h.r.254,Noah M.,Yes,
119_s.2884,Noah M.,Yes,
119_s.2362,Noah M.,Yes,
111_s.1975,Noah M.,No,
119_h.r.2113,Noah M.,Yes,
119_s.1801,Noah M.,Yes,
119_h.r.1235,Noah M.,No,
119_h.r.6504,Noah M.,No,
116_h.r.1383,Noah M.,No,
119_h.r.6216,Noah M.,No,
119_s.821,Noah M.,Yes,
119_h.r.1848,Noah M.,No,
109_h.r.2225,Noah M.,No,
119_s.res.350,Noah M.,No,
119_s.2565,Noah M.,Yes,
102_h.r.5372,Noah M.,No,
116_s.4018,Noah M.,No,
119_h.r.2754,Noah M.,Yes,
119_s.res.463,Noah M.,Yes,
119_h.r.2127,Noah M.,Yes,
119_s.1478,Noah M.,Yes,
119_s.3452,Noah M.,Yes,
119_h.r.6061,Noah M.,No,
119_s.676,Noah M.,No,
119_h.r.6056,Noah M.,No,
119_s.3069,Noah M.,Yes,
119_h.r.4245,Noah M.,No,
119_s.3208,Noah M.,Yes,
119_h.r.243,Noah M.,No,
119_s.res.98,Noah M.,Yes,
119_s.1071,Noah M.,Yes,
119_s.res.203,Noah M.,No,
119_h.r.5303,Noah M.,Yes,
119_h.r.1134,Noah M.,Yes,
119_s.789,Noah M.,Yes,
119_h.r.2464,Noah M.,No,
119_s.952,Noah M.,No,
119_s.3574,Noah M.,Yes,
119_h.res.687,Noah M.,Yes,
110_h.r.5389,Noah M.,No,
112_s.res.342,Noah M.,No,
119_s.3330,Noah M.,Yes,
119_h.r.1081,Noah M.,Yes,
119_s.2259,Noah M.,Yes,
108_h.r.2616,Noah M.,No,
119_h.r.4779,Noah M.,Yes,
107_h.con.res.202,Noah M.,No,
119_h.r.7146,Noah M.,Yes,
119_h.r.3904,Noah M.,No,
119_h.r.508,Noah M.,Yes,
119_s.res.204,Noah M.,No,
119_h.r.2989,Noah M.,Yes,
119_s.res.444,Noah M.,Yes,
119_h.r.2067,Noah M.,Yes,
119_h.con.res.62,Noah M.,No,
111_s.2001,Noah M.,No,
119_s.860,Noah M.,Yes,
119_s.2177,Noah M.,Yes,
119_s.1259,Noah M.,No,Could be indirectly targetting China
119_h.r.1840,Noah M.,Yes,
119_h.r.6286,Noah M.,Yes,
119_h.r.4326,Noah M.,No,
119_h.r.1486,Noah M.,Yes,
115_s.1780,Noah M.,No,
102_h.r.1910,Noah M.,No,
119_s.1086,Noah M.,Yes,
119_h.con.res.65,Noah M.,No,
112_h.r.5402,Noah M.,No,
112_h.r.4896,Noah M.,No,
119_s.j.res.88,Noah M.,No,
119_h.r.2115,Noah M.,Yes,
119_h.r.2370,Noah M.,Yes,
119_h.res.375,Noah M.,No,
119_h.r.3397,Noah M.,No,Could be indirectly targetting China
119_h.r.5760,Noah M.,Yes,
119_s.1296,Noah M.,Yes,
119_h.r.881,Noah M.,Yes,
119_h.r.1121,Noah M.,Yes,
101_h.r.5344,Noah M.,No,
119_h.r.708,Noah M.,Yes,
119_h.r.1284,Noah M.,Yes,
103_h.r.5206,Noah M.,No,
119_s.res.525,Noah M.,No,
119_h.r.747,Noah M.,Yes,
115_s.2872,Noah M.,No,
101_s.1278,Noah M.,Yes,
112_s.3124,Noah M.,No,
119_h.r.5022,Noah M.,Yes,
111_h.con.res.318,Noah M.,No,
110_h.r.5911,Noah M.,No,
111_s.2488,Noah M.,No,
119_h.res.875,Noah M.,No,
119_h.r.4860,Noah M.,Yes,
119_s.res.195,Noah M.,No,
119_s.res.547,Noah M.,Yes,
119_s.1407,Serena K.,Yes,
119_s.res.355,Serena K.,No,
119_s.2884,Serena K.,Yes,
119_s.821,Serena K.,Yes,
102_h.r.3305,Serena K.,No,
119_h.r.5287,Serena K.,Yes,
119_h.r.5959,Serena K.,No,
119_h.r.4617,Serena K.,No,Covers foreign adversaries generally
119_h.r.2390,Serena K.,Yes,
112_s.2754,Serena K.,No,
119_h.r.4458,Serena K.,Yes,
119_h.r.1577,Serena K.,No,
119_s.3330,Serena K.,Yes,
119_h.r.407,Serena K.,No,
119_h.r.6207,Serena K.,No,Covers foreign entities of concern
119_h.r.1496,Serena K.,No,
119_h.r.2147,Serena K.,Yes,
105_s.1550,Serena K.,No,
119_h.r.6056,Serena K.,No,
119_h.r.3264,Serena K.,Yes,
119_s.2224,Serena K.,Yes,
103_h.r.1307,Serena K.,No,
119_h.r.5491,Serena K.,Yes,
116_h.res.256,Serena K.,No,
119_s.res.195,Serena K.,No,
119_h.r.4860,Serena K.,Yes,
119_h.r.1,Serena K.,No,
119_s.res.203,Serena K.,No,
119_s.res.525,Serena K.,No,
119_s.369,Serena K.,No,Covers companies associated with foreign adversaries
101_s.2759,Serena K.,No,
119_s.3327,Serena K.,No,
119_h.r.6877,Serena K.,Yes,
119_h.r.1486,Serena K.,No,Covers foreign adversarial companies generally
119_h.res.248,Serena K.,No,
119_s.417,Serena K.,Yes,
119_s.res.444,Serena K.,Yes,
119_h.r.5760,Serena K.,No,Agricultural transactions could involve China
115_s.2872,Serena K.,No,
109_h.r.2537,Serena K.,No,
119_h.r.4140,Serena K.,No,
119_h.r.3575,Serena K.,No,Concerns nonmarket-economy countries
119_s.3018,Serena K.,Yes,
108_h.r.10,Serena K.,No,
112_s.res.342,Serena K.,No,
119_s.1358,Serena K.,Yes,
119_s.3405,Serena K.,Yes,
119_s.2646,Serena K.,Yes,
101_s.2944,Serena K.,No,
119_h.r.477,Serena K.,No,
119_h.r.1548,Serena K.,No,
119_s.103,Serena K.,Yes,
119_h.r.1834,Serena K.,No,
119_h.r.4361,Serena K.,Yes,Covers countries on national-security ground
119_s.676,Serena K.,No,
119_h.r.6909,Serena K.,Yes,
119_s.429,Serena K.,Yes,REMs have major China relevance
108_h.r.2616,Serena K.,No,
119_h.r.4888,Serena K.,No,
119_s.1296,Serena K.,No,“Countries of concern”
111_h.res.705,Serena K.,No,
119_h.r.4736,Serena K.,No,
114_s.3469,Serena K.,Yes,
119_h.con.res.25,Serena K.,No,
119_s.2874,Serena K.,No,
119_h.r.4326,Serena K.,No,
119_h.r.3727,Serena K.,No,
109_s.2317,Serena K.,No,
101_h.r.1156,Serena K.,No,
119_s.2453,Serena K.,No,Indo-Pacific defense
111_s.2488,Serena K.,No,
109_s.3203,Serena K.,No,
119_s.2560,Serena K.,Yes,
108_s.2774,Serena K.,No,
119_s.1086,Serena K.,Yes,
119_h.r.1717,Serena K.,No,
119_s.1053,Serena K.,Yes,
119_h.r.116,Serena K.,No,
119_h.r.322,Serena K.,No,
119_h.res.687,Serena K.,Yes,
119_s.206,Serena K.,Yes,
119_h.r.4245,Serena K.,No,
119_h.r.881,Serena K.,Yes,
102_s.2923,Serena K.,No,
119_s.436,Serena K.,No,
119_s.2362,Serena K.,Yes,
119_h.res.375,Serena K.,No,
119_h.r.2661,Serena K.,Yes,
119_h.r.5153,Serena K.,No,
119_h.r.6938,Serena K.,No,
119_h.con.res.8,Serena K.,Yes,
119_h.r.694,Serena K.,Yes,
119_s.393,Serena K.,No,
119_s.3447,Serena K.,Yes,
119_h.r.391,Serena K.,Yes,
119_h.res.875,Serena K.,No,
119_s.1867,Serena K.,No,
111_s.2001,Serena K.,No,
112_h.r.4896,Serena K.,No,
119_h.res.353,Serena K.,No,
119_s.j.res.77,Serena K.,No,
110_h.r.5911,Serena K.,No,
119_s.1434,Serena K.,No,Covers adversarial countries
112_h.r.5402,Serena K.,No,
119_h.r.6216,Serena K.,No,
119_h.r.5022,Serena K.,Yes,
119_h.r.390,Serena K.,No,
119_s.res.98,Serena K.,Yes,
119_h.r.2403,Serena K.,Yes,
119_s.2960,Serena K.,Yes,
119_h.r.6528,Serena K.,Yes,
119_s.2565,Serena K.,No,Covers adversarial countries
119_h.r.3721,Serena K.,Yes,Indo-Pacific
119_h.r.3397,Serena K.,No,Indo-Pacific
119_s.912,Serena K.,Yes,
118_s.2754,Serena K.,Yes,COVID-19 origin
119_s.2384,Serena K.,No,Covers foreign adversaries
119_h.r.5912,Serena K.,Yes,
119_h.r.1111,Serena K.,No,
119_h.r.2127,Serena K.,Yes,
101_h.r.5344,Serena K.,No,
119_s.res.547,Serena K.,Yes,
119_h.r.4142,Serena K.,No,Foreign adversary AI could be China
108_h.r.1978,Serena K.,No,
119_s.2177,Serena K.,No,AI again
103_h.r.795,Serena K.,No,
119_s.1259,Serena K.,No,
119_s.1364,Serena K.,No,
117_s.res.538,Serena K.,No,
119_h.res.1018,Serena K.,No,
119_s.952,Serena K.,No,
106_h.r.5469,Serena K.,No,
119_s.2046,Serena K.,Yes,
119_s.753,Serena K.,No,
119_h.r.1284,Serena K.,No,
107_s.res.283,Serena K.,No,
102_h.r.1910,Serena K.,No,
119_h.res.470,Serena K.,Yes,
101_h.r.4018,Serena K.,No,
119_s.789,Serena K.,No,REMs mentioned
112_s.15,Serena K.,Yes,
119_h.r.1840,Serena K.,No,
119_s.1801,Serena K.,No,
119_s.2222,Serena K.,Yes,
119_s.res.204,Serena K.,No,
119_s.1071,Serena K.,No,
119_s.1542,Serena K.,Yes,
119_s.2657,Serena K.,Yes,
115_s.1780,Serena K.,No,
119_h.r.735,Serena K.,No,
112_h.r.5192,Serena K.,No,
107_s.2320,Serena K.,No,
119_s.3181,Serena K.,Yes,
116_s.4018,Serena K.,No,
102_h.r.1853,Serena K.,No,
119_h.r.648,Serena K.,No,
119_s.3452,Serena K.,Yes,Covers foreign adversaries
101_s.1278,Serena K.,Yes,
112_h.r.5223,Serena K.,No,
119_s.2552,Serena K.,Yes,
112_s.2776,Serena K.,No,
114_s.j.res.11,Serena K.,No,
119_h.res.861,Serena K.,Yes,
119_h.r.2989,Serena K.,Yes,
115_h.r.6413,Serena K.,No,
119_h.r.6262,Serena K.,Yes,
